municipality,county
Town of Babylon,Suffolk
Town of Brookhaven,Suffolk
Town of East Hampton,Suffolk
Town of Huntington,Suffolk
Town of Islip,Suffolk
Town of Riverhead,Suffolk
Town of Shelter Island,Suffolk
Town of Southampton,Suffolk
Town of Southold,Suffolk
Village of Amityville,Suffolk
Village of Asharoken,Suffolk
Village of Babylon,Suffolk
Village of Belle Terre,Suffolk
Village of Bellport,Suffolk
Village of Dering Harbor,Suffolk
Village of East Hampton,Suffolk
Village of Greenport,Suffolk
Village of Head of the Harbor,Suffolk
Village of Huntington,Suffolk
Village of Islandia,Suffolk
Village of Lake Grove,Suffolk
Village of Lindenhurst,Suffolk
Village of Nissequogue,Suffolk
Village of North Haven,Suffolk
Town of Smithtown,Suffolk
Village of Ocean Beach,Suffolk
Village of Old Field,Suffolk
Village of Patchogue,Suffolk
Village of Poquott,Suffolk
Village of Port Jefferson,Suffolk
Village of Quogue,Suffolk
Village of Sag Harbor,Suffolk
Village of Sagaponack,Suffolk
Village of Saltaire,Suffolk
Village of Southampton,Suffolk
Village of Westhampton Beach,Suffolk
Town of Oyster Bay,Nassau
Town of Hempstead,Nassau
Village of Northport,Suffolk
Village of Flower Hill,Nassau
Village of Old Westbury,Nassau
Village of Farmingdale,Nassau
Village of Thomaston,Nassau
Village of Saddle Rock,Nassau
Village of Stewart Manor,Nassau
Village of Cedarhurst,Nassau
Village of Hewlett,Nassau
Village of Lloyd Harbor,Suffolk
Village of Cove Neck,Nassau
Village of Plandome Heights,Nassau
Village of Baxter Estates,Nassau
Village of Williston Park,Nassau
Village of Roslyn,Nassau
Village of Westbury,Nassau
Village of Westhampton Dunes,Suffolk
Village of Munsey Park,Nassau
Village of Sea Cliff,Nassau
Village of Freeport,Nassau
Village of Atlantic Beach,Nassau
Village of Lawrence,Nassau
Village of Plandome,Nassau
Village of East Williston,Nassau
Village of Lattingtown,Nassau
Village of Manorhaven,Nassau
Village of East Rockaway,Nassau
Village of Roslyn Estates,Nassau
City of Glen Cove,Nassau
Village of Matinecock,Nassau
Village of Great Neck Estates,Nassau
Village of North Hills,Nassau
Village of Garden City,Nassau
City of Long Beach,Nassau
Village of Lynbrook,Nassau
Village of Port Washington North,Nassau
Village of Brookville,Nassau
Village of Laurel Hollow,Nassau
Village of Hewlett Harbor,Nassau
Village of Muttontown,Nassau
Village of Old Brookville,Nassau
Village of Russell Gardens,Nassau
Village of Great Neck Plaza,Nassau
Village of Great Neck,Nassau
Village of Kings Point,Nassau
Village of Hewlett Neck,Nassau
Village of New Hyde Park,Nassau
Village of Roslyn Harbor,Nassau
Village of Massapequa Park,Nassau
Village of Kensington,Nassau
Village of Centre Island,Nassau
Village of Lake Success,Nassau
Village of Hempstead,Nassau
Village of Floral Park,Nassau
Village of South Floral Park,Nassau
Village of Plandome Manor,Nassau
Village of Mineola,Nassau
Town Of Hempstead,Nassau
Village of Bayville,Nassau
Village of Malverne,Nassau
Town of North Hempstead,Nassau
Village of East Hills,Nassau
Village of Upper Brookville,Nassau
Village of Shoreham,Suffolk
Village of Oyster Bay Cove,Nassau
Village of Mill Neck,Nassau
Village of Rockville Centre,Nassau
Village of Woodsburgh,Nassau
Village of Valley Stream,Nassau
Village of Sands Point,Nassau
Village of Bellerose,Nassau
Village of The Branch,Suffolk
Queens,Queens
Village of Brightwaters,Suffolk
Village of Mastic Beach,Suffolk
Staten Island,Richmond
